,City,Country,Lat,Lng,Max Temp,Humidity,Cloudiness,Wind Speed,Current Description
0,Ushuaia,AR,-54.8,-68.3,44.26,81,75,10.36,light intensity drizzle
1,Javanrud,IR,34.7961,46.5172,45.09,57,0,5.48,clear sky
2,Bredasdorp,ZA,-34.5322,20.0403,58.32,67,57,2.3,broken clouds
3,Piacabucu,BR,-10.4056,-36.4344,79.57,82,96,11.92,heavy intensity rain
4,Barrow,US,71.2906,-156.7887,12.22,79,40,12.66,scattered clouds
5,Cockburn Town,TC,21.4612,-71.1419,84.16,61,40,13.8,scattered clouds
6,Busselton,AU,-33.65,115.3333,44.1,82,8,8.23,clear sky
7,Orcopampa,PE,-15.2661,-72.3417,52.65,39,86,11.97,overcast clouds
8,Comodoro Rivadavia,AR,-45.8667,-67.5,85.86,10,0,16.11,clear sky
9,Oussouye,SN,12.485,-16.5469,82.58,70,6,5.66,clear sky
10,Ahipara,NZ,-35.1667,173.1667,67.23,66,2,1.92,clear sky
11,Butaritari,KI,3.0707,172.7902,82.02,72,100,16.78,overcast clouds
12,Vaini,TO,-21.2,-175.2,78.96,89,75,9.22,broken clouds
13,Inirida,CO,3.8653,-67.9239,80.37,82,84,2.42,broken clouds
14,Antofagasta,CL,-23.65,-70.4,63.68,74,26,9.62,scattered clouds
15,Brae,GB,60.3964,-1.353,48.11,85,100,29.1,overcast clouds
16,Te Anau,NZ,-45.4167,167.7167,61.03,51,80,1.7,broken clouds
17,Touros,BR,-5.1989,-35.4608,83.3,80,60,12.28,broken clouds
18,Jamestown,US,42.097,-79.2353,52.92,40,1,4.61,clear sky
19,Rikitea,PF,-23.1203,-134.9692,75.67,81,100,16.22,overcast clouds
20,Saint-Philippe,RE,-21.3585,55.7679,72.21,84,38,8.77,scattered clouds
21,Severnoye,RU,56.3491,78.3619,32.0,85,100,16.17,overcast clouds
22,Yellowknife,CA,62.456,-114.3525,33.42,87,90,10.36,overcast clouds
23,Sao Filipe,CV,14.8961,-24.4956,79.05,73,92,11.16,overcast clouds
24,Beringovskiy,RU,63.05,179.3167,14.22,92,84,6.91,broken clouds
25,New Norfolk,AU,-42.7826,147.0587,56.75,59,50,3.29,scattered clouds
26,Chokurdakh,RU,70.6333,147.9167,-1.28,95,99,8.52,overcast clouds
27,Pacific Grove,US,36.6177,-121.9166,70.61,75,1,1.99,clear sky
28,Ucluelet,CA,48.9329,-125.5528,43.11,92,100,3.13,overcast clouds
29,Punta Arenas,CL,-53.15,-70.9167,50.11,87,90,10.36,light rain
30,Puerto Ayora,EC,-0.7393,-90.3518,76.96,78,56,10.38,broken clouds
31,Bandarbeyla,SO,9.4942,50.8122,76.17,75,32,10.02,scattered clouds
32,Avarua,CK,-21.2078,-159.775,77.05,61,40,10.36,light rain
33,Kamenka,RU,51.3223,42.7678,46.78,81,95,8.75,overcast clouds
34,Bengkulu,ID,-3.8004,102.2655,75.7,91,100,14.25,overcast clouds
35,Georgetown,MY,5.4112,100.3354,80.53,87,20,5.01,few clouds
36,Hermanus,ZA,-34.4187,19.2345,57.9,73,20,5.06,few clouds
37,Severo-Kurilsk,RU,50.6789,156.125,35.92,77,12,6.96,few clouds
38,Clyde River,CA,70.4692,-68.5914,16.03,86,75,8.05,broken clouds
39,Arraial Do Cabo,BR,-22.9661,-42.0278,73.26,64,75,9.22,broken clouds
40,Mount Isa,AU,-20.7333,139.5,80.37,57,83,5.75,broken clouds
41,Jardim,BR,-21.4803,-56.1381,72.55,79,100,7.29,overcast clouds
42,Conakry,GN,9.538,-13.6773,82.47,83,40,6.91,light rain
43,Dhidhdhoo,MV,6.8833,73.1,81.46,79,82,16.35,broken clouds
44,Niquelandia,BR,-14.4739,-48.4597,76.6,75,100,2.64,overcast clouds
45,Mataura,NZ,-46.1927,168.8643,62.82,59,49,0.54,scattered clouds
46,Rudnya,RU,54.947,31.0934,44.73,82,100,16.91,moderate rain
47,Diamantino,BR,-14.4086,-56.4461,72.41,95,100,4.59,overcast clouds
48,Amga,RU,60.8953,131.9608,0.63,100,97,3.62,overcast clouds
49,Mahebourg,MU,-20.4081,57.7,74.25,94,40,4.61,scattered clouds
50,Raudeberg,NO,61.9875,5.1352,41.86,77,100,3.0,light rain
51,Cherskiy,RU,68.75,161.3,15.89,79,100,14.65,overcast clouds
52,Taoudenni,ML,22.6783,-3.9836,78.76,17,1,6.71,clear sky
53,Murray Bridge,AU,-35.1167,139.2667,59.49,65,90,8.77,overcast clouds
54,Sabang,ID,5.8933,95.3214,79.7,78,100,7.7,overcast clouds
55,Norman Wells,CA,65.282,-126.8329,26.64,100,75,5.75,broken clouds
56,Maltahohe,NA,-24.8333,16.9833,68.68,12,22,9.01,few clouds
57,Urumqi,CN,43.801,87.6005,14.95,73,0,4.47,clear sky
58,Hilo,US,19.7297,-155.09,81.25,70,75,8.05,broken clouds
59,Thompson,CA,55.7435,-97.8558,30.36,93,90,3.44,light snow
60,Aviles,ES,43.5547,-5.9248,48.76,85,20,2.3,few clouds
61,Laguna,US,38.421,-121.4238,65.46,73,90,1.99,overcast clouds
62,Wanning,CN,18.8003,110.3967,74.28,86,31,1.83,scattered clouds
63,Upernavik,GL,72.7868,-56.1549,14.54,84,68,10.51,broken clouds
64,Monrovia,LR,6.3005,-10.7969,74.97,83,93,6.87,moderate rain
65,Sarakhs,IR,36.5449,61.1577,38.14,21,95,0.78,overcast clouds
66,East London,ZA,-33.0153,27.9116,64.36,89,100,5.55,light rain
67,Biu,NG,10.6129,12.1946,76.23,31,49,4.92,scattered clouds
68,Daru,PG,-9.0763,143.2092,82.74,78,46,5.68,scattered clouds
69,Rio Grande,BR,-32.035,-52.0986,64.51,66,41,11.99,scattered clouds
70,Olafsvik,IS,64.8945,-23.7142,34.66,78,100,14.5,light snow
71,Vilyuysk,RU,63.7553,121.6247,-7.08,100,99,3.58,overcast clouds
72,Talnakh,RU,69.4865,88.3972,17.56,93,100,22.57,light snow
73,Esperance,AU,-33.8667,121.9,46.24,75,10,4.41,clear sky
74,Bluff,NZ,-46.6,168.3333,57.02,78,66,3.6,broken clouds
75,Gwadar,PK,25.1216,62.3254,77.0,61,0,4.99,clear sky
76,Cidreira,BR,-30.1811,-50.2056,64.92,80,100,14.7,overcast clouds
77,Tezu,IN,27.9167,96.1667,60.76,36,48,4.59,scattered clouds
78,Albany,US,42.6001,-73.9662,48.07,61,0,3.56,clear sky
79,Roma,US,43.2128,-75.4557,51.94,47,1,5.75,clear sky
80,Kapaa,US,22.0752,-159.319,84.18,74,75,1.99,broken clouds
81,Hirado,JP,33.3597,129.5531,56.55,66,0,20.18,clear sky
82,Torbay,CA,47.6666,-52.7314,41.27,78,40,16.11,scattered clouds
83,Llata,PE,-9.4167,-76.7833,57.97,83,96,5.7,overcast clouds
84,Leua,SK,48.2156,18.6071,44.49,79,98,2.8,overcast clouds
85,Saskylakh,RU,71.9167,114.0833,4.55,93,90,9.19,overcast clouds
86,Whitehorse,CA,60.7161,-135.0538,36.01,86,75,11.01,broken clouds
87,Yar-Sale,RU,66.8333,70.8333,34.34,93,100,18.63,overcast clouds
88,Kargasok,RU,59.0556,80.8572,33.31,89,100,18.68,overcast clouds
89,Tual,ID,-5.6667,132.75,83.61,72,85,1.86,overcast clouds
90,Cape Town,ZA,-33.9258,18.4232,60.35,70,9,1.99,clear sky
91,Arak,IR,34.0917,49.6892,41.04,87,100,3.6,overcast clouds
92,Hasaki,JP,35.7333,140.8333,52.2,69,100,7.7,moderate rain
93,Labuhan,ID,-6.8844,112.2051,81.36,73,95,1.07,overcast clouds
94,Praia,CV,14.9215,-23.5087,77.54,83,20,14.97,few clouds
95,Yabelo,ET,4.8833,38.0833,61.32,77,98,3.24,light rain
96,Atuona,PF,-9.8,-139.0333,78.31,70,35,19.71,scattered clouds
97,Port Alfred,ZA,-33.5906,26.891,63.61,86,100,5.93,overcast clouds
98,San Patricio,US,28.017,-97.5169,75.61,40,0,5.28,clear sky
99,Sept-Iles,CA,50.2001,-66.3821,46.83,66,75,7.0,broken clouds
100,Aksha,RU,50.2814,113.2867,11.21,57,1,4.43,clear sky
101,Port Elizabeth,ZA,-33.918,25.5701,62.1,88,90,8.05,light rain
102,Newport,GB,51.5877,-2.9984,58.17,89,100,16.02,overcast clouds
103,Qaanaaq,GL,77.484,-69.3632,6.87,72,99,7.67,overcast clouds
104,Darovskoy,RU,58.77,47.9564,41.83,76,89,12.33,light rain
105,Coutances,FR,49.05,-1.4333,55.49,84,74,15.19,broken clouds
106,Mitu,CO,1.1983,-70.1733,74.62,95,82,0.83,broken clouds
107,Tuktoyaktuk,CA,69.4541,-133.0374,15.8,79,90,16.11,overcast clouds
108,Alice Springs,AU,-23.7,133.8833,69.35,94,75,0.0,broken clouds
109,Porto Novo,BJ,6.4965,2.6036,80.42,82,100,6.98,overcast clouds
110,Hofn,IS,64.2539,-15.2082,37.44,85,100,9.04,light rain
111,Carnarvon,AU,-24.8667,113.6333,62.67,77,75,20.71,broken clouds
112,Evensk,RU,61.95,159.2333,34.59,97,100,21.05,light rain
113,San Quintin,MX,30.4833,-115.95,70.25,67,0,9.44,clear sky
114,Ribeira Grande,PT,38.5167,-28.7,70.2,88,40,20.71,scattered clouds
115,Dingle,PH,10.9995,122.6711,77.13,92,93,6.49,overcast clouds
116,Tucuma,BR,-0.1833,-50.05,81.0,78,99,9.46,overcast clouds
117,Mehamn,NO,71.0357,27.8492,31.42,64,96,8.41,overcast clouds
118,Makakilo City,US,21.3469,-158.0858,84.52,65,75,10.36,broken clouds
119,Ponta Do Sol,PT,32.6667,-17.1,68.63,51,61,8.7,broken clouds
120,Tasiilaq,GL,65.6145,-37.6368,26.76,81,76,6.67,broken clouds
121,Petropavlovsk-Kamchatskiy,RU,53.0452,158.6483,27.19,69,75,4.47,broken clouds
122,Ormond Beach,US,29.2858,-81.0559,58.06,79,90,21.85,overcast clouds
123,Harper,LR,4.375,-7.7169,78.75,84,69,6.98,broken clouds
124,Lagoa,PT,39.05,-27.9833,68.18,86,100,28.7,overcast clouds
125,Achern,DE,48.6311,8.0761,40.87,93,90,5.75,fog
126,Miraflores,MX,19.2167,-98.8083,72.03,30,98,1.5,overcast clouds
127,College,US,64.8569,-147.8028,25.59,90,90,0.0,overcast clouds
128,Jalu,LY,29.0331,21.5482,70.27,41,0,7.65,clear sky
129,Bowen,AU,-20.0167,148.2333,77.22,66,98,11.36,overcast clouds
130,Corinto,GR,37.9407,22.9573,68.45,83,91,3.98,overcast clouds
131,Hobart,AU,-42.8794,147.3294,55.26,60,20,3.0,few clouds
132,Faanui,PF,-16.4833,-151.75,80.37,69,89,5.08,overcast clouds
133,Leshukonskoye,RU,64.8989,45.7622,35.8,98,100,6.76,overcast clouds
134,Castro,BR,-24.7911,-50.0119,65.79,92,56,1.72,broken clouds
135,Zeya,RU,53.75,127.2667,14.5,43,58,1.21,broken clouds
136,Porto Walter,BR,-8.2686,-72.7439,88.14,52,72,5.61,broken clouds
137,Minas,UY,-34.3759,-55.2377,61.27,75,38,10.18,scattered clouds
138,Codrington,AU,-38.2667,141.9667,54.36,57,100,7.31,overcast clouds
139,Mackay,AU,-21.15,149.2,80.69,78,82,3.44,broken clouds
140,Dikson,RU,73.5069,80.5464,17.28,95,100,5.28,light snow
141,Linxia,CN,35.6003,103.2064,12.04,86,81,1.79,broken clouds
142,Beloha,MG,-25.1667,45.05,67.15,74,23,11.99,few clouds
143,Necochea,AR,-38.5473,-58.7368,55.04,56,99,11.9,overcast clouds
144,Khatanga,RU,71.9667,102.5,13.96,95,100,11.12,light snow
145,Navrongo,GH,10.8956,-1.0921,85.57,38,71,5.95,broken clouds
146,Along,IN,28.1667,94.7667,54.57,75,23,1.63,few clouds
147,Cabo San Lucas,MX,22.8909,-109.9124,90.52,57,65,7.07,broken clouds
148,Kinkala,CG,-4.3614,14.7644,71.6,95,100,1.83,overcast clouds
149,Grindavik,IS,63.8424,-22.4338,37.35,87,90,19.57,overcast clouds
150,Ilulissat,GL,69.2167,-51.1,17.62,49,40,16.11,scattered clouds
151,Sinnar,SD,13.5691,33.5672,85.87,27,4,7.99,clear sky
152,Chicama,PE,-7.8447,-79.1469,64.94,71,83,9.66,broken clouds
153,Hithadhoo,MV,-0.6,73.0833,83.1,71,97,18.39,overcast clouds
154,Andilamena,MG,-17.0167,48.5833,63.95,87,92,5.46,overcast clouds
155,Batagay,RU,67.6333,134.6333,-3.14,95,100,3.36,overcast clouds
156,Lebu,CL,-37.6167,-73.65,54.81,83,24,15.26,few clouds
157,Nome,US,64.5011,-165.4064,17.67,73,75,6.91,broken clouds
158,Roald,NO,62.5833,6.1333,42.33,70,0,16.11,clear sky
159,Alto Araguaia,BR,-17.3147,-53.2153,71.04,92,89,6.44,heavy intensity rain
160,Avera,US,33.194,-82.5271,52.48,33,100,16.42,overcast clouds
161,Trelew,AR,-43.249,-65.3051,78.94,15,2,30.2,clear sky
162,Meulaboh,ID,4.1363,96.1285,74.52,92,100,6.26,heavy intensity rain
163,Patuli,IN,23.55,88.25,66.45,61,9,4.27,clear sky
164,Isla Vista,US,34.4133,-119.861,77.68,69,90,8.05,mist
165,Chuy,UY,-33.6971,-53.4616,58.51,69,32,8.9,scattered clouds
166,Klaksvik,FO,62.2266,-6.589,47.32,95,100,12.03,overcast clouds
167,Kaitangata,NZ,-46.2817,169.8464,62.92,65,14,4.68,few clouds
168,Bethel,US,41.3712,-73.414,50.85,61,0,1.7,clear sky
169,Bhopalwala,PK,32.4289,74.3633,60.69,72,0,0.0,smoke
170,Forio,IT,40.7342,13.8646,64.42,77,100,25.3,overcast clouds
171,Maxixe,MZ,-23.8597,35.3472,73.22,90,54,9.04,broken clouds
172,Karoi,ZW,-16.8099,29.6925,73.11,35,0,6.78,clear sky
173,Pangnirtung,CA,66.1451,-65.7125,12.29,57,20,10.31,few clouds
174,Le Port,RE,-20.9373,55.2919,72.61,90,5,2.48,clear sky
175,Ahuimanu,US,21.4447,-157.8378,85.71,68,75,13.8,broken clouds
176,Lompoc,US,34.6391,-120.4579,75.02,66,1,12.66,clear sky
177,Constitucion,CL,-35.3333,-72.4167,57.11,76,6,9.51,clear sky
178,Ati,TD,13.2154,18.3353,86.22,18,2,10.16,clear sky
179,Portland,US,45.5234,-122.6762,54.45,77,75,1.01,broken clouds
180,Flekkefjord,NO,58.2971,6.6607,52.05,91,100,8.21,overcast clouds
181,Yulara,AU,-25.2406,130.9889,67.84,83,87,4.61,overcast clouds
182,Lebowakgomo,ZA,-24.2,29.5,70.7,58,87,3.89,overcast clouds
183,Coquimbo,CL,-29.9533,-71.3436,60.53,67,20,11.5,few clouds
184,Gizo,SB,-8.103,156.8419,83.71,70,3,5.57,clear sky
185,Vardo,NO,70.3705,31.1107,34.79,57,100,17.76,light rain
186,Luderitz,NA,-26.6481,15.1594,59.27,71,84,18.84,broken clouds
187,Tottori,JP,35.5,134.2333,48.27,93,20,8.05,few clouds
188,Nikolskoye,RU,59.7035,30.7861,40.87,83,79,9.19,light rain
189,Toowoomba,AU,-27.55,151.9667,66.94,92,84,7.02,broken clouds
190,Pevek,RU,69.7008,170.3133,-3.33,83,39,11.34,scattered clouds
191,Martapura,ID,-3.4167,114.85,77.09,100,90,4.61,overcast clouds
192,Bambous Virieux,MU,-20.3428,57.7575,74.21,94,40,4.61,scattered clouds
193,Hecun,CN,36.5333,114.1111,36.07,91,100,6.2,light rain
194,Hope,US,33.6671,-93.5916,65.98,41,0,1.48,clear sky
195,Sao Joao Da Barra,BR,-21.6403,-41.0511,73.49,77,43,10.96,scattered clouds
196,Hamilton,US,39.1834,-84.5333,57.83,40,1,1.01,clear sky
197,Zambezi,ZM,-13.5432,23.1047,71.71,50,17,2.53,few clouds
198,State College,US,40.7934,-77.86,52.74,37,1,5.75,clear sky
199,Wilmington,US,34.2257,-77.9447,60.71,77,90,18.41,overcast clouds
200,Kalat,PK,29.0225,66.5916,46.63,40,2,0.85,clear sky
201,Nanortalik,GL,60.1432,-45.2371,30.96,75,89,10.71,overcast clouds
202,Atasu,KZ,48.6814,71.6433,25.57,22,95,2.62,overcast clouds
203,Namatanai,PG,-3.6667,152.4333,83.39,71,72,9.69,light rain
204,Tilichiki,RU,60.4667,166.1,25.45,92,99,4.07,overcast clouds
205,Mulege,MX,26.8833,-111.9833,86.07,34,100,8.77,overcast clouds
206,Oda,JP,35.1833,132.5,47.17,79,3,7.09,clear sky
207,Guican,CO,6.4618,-72.4113,53.71,85,97,0.54,overcast clouds
208,Sitka,US,57.0531,-135.33,44.49,70,40,9.22,light rain
209,Uyuni,BO,-20.4597,-66.825,60.39,3,6,10.89,clear sky
210,Numaligarh,IN,26.6333,93.75,61.07,94,65,0.76,broken clouds
211,Gualeguaychu,AR,-33.0094,-58.5172,72.03,43,59,8.77,broken clouds
212,Victoria,HK,22.2855,114.1577,78.33,89,0,1.99,clear sky
213,Ancud,CL,-41.8697,-73.8203,62.42,74,23,10.47,few clouds
214,Jacareacanga,BR,-6.2222,-57.7528,75.15,96,84,3.44,broken clouds
215,Lazaro Cardenas,MX,17.9583,-102.2,83.16,75,98,8.72,overcast clouds
216,Pala,TD,9.3642,14.9046,79.34,55,55,4.03,broken clouds
217,Severo-Yeniseyskiy,RU,60.3725,93.0408,20.77,89,100,13.8,overcast clouds
218,Anastacio,BR,-20.4836,-55.8069,77.9,73,98,6.96,overcast clouds
219,Camacha,PT,33.0833,-16.3333,65.16,72,40,14.97,scattered clouds
220,Padang,ID,-0.9492,100.3543,75.09,95,100,3.67,light rain
221,Provideniya,RU,64.3833,-173.3,12.76,89,66,4.12,broken clouds
222,Longyearbyen,SJ,78.2186,15.6401,17.44,57,40,10.36,scattered clouds
223,Ayagoz,KZ,47.9714,80.4392,2.64,90,10,4.56,clear sky
224,Itoman,JP,26.1247,127.6694,75.97,90,40,17.27,scattered clouds
225,Buala,SB,-8.145,159.5921,84.47,63,33,9.93,scattered clouds
226,Jishou,CN,28.3167,109.7167,58.91,95,100,10.2,light rain
227,La Ronge,CA,55.1001,-105.2842,39.45,87,90,3.44,overcast clouds
228,Kodiak,US,57.79,-152.4072,35.11,55,1,12.66,clear sky
229,Komsomolskiy,UZ,40.4272,71.7189,36.32,64,75,4.61,haze
230,Mikuni,JP,36.2171,136.1519,44.51,72,0,9.91,clear sky
231,Samarai,PG,-10.6167,150.6667,83.73,74,69,15.41,broken clouds
232,Sosva,RU,59.1766,61.8558,34.32,95,100,13.31,light rain
233,Kahului,US,20.8947,-156.47,87.82,65,20,23.02,few clouds
234,Narsaq,GL,60.9167,-46.05,28.62,81,100,8.93,overcast clouds
235,Airai,TL,-8.9266,125.4092,63.84,81,50,1.68,scattered clouds
236,Conceicao Da Barra,BR,-18.5933,-39.7322,71.96,80,67,6.6,broken clouds
237,Mount Gambier,AU,-37.8333,140.7667,51.71,82,90,4.61,overcast clouds
238,Kurilsk,RU,45.2333,147.8833,43.86,79,26,10.0,scattered clouds
239,Talcher,IN,20.95,85.2167,63.25,67,49,3.4,scattered clouds
240,Nouadhibou,MR,20.931,-17.0347,69.78,60,0,17.27,clear sky
241,Kochki,RU,54.3358,80.4806,28.29,86,100,15.48,overcast clouds
242,Dukat,RU,62.55,155.55,15.37,98,100,7.34,overcast clouds
243,Salalah,OM,17.0151,54.0924,74.64,77,94,3.06,overcast clouds
244,The Pas,CA,53.8251,-101.2541,37.42,93,90,6.91,overcast clouds
245,Kalmunai,LK,7.4167,81.8167,77.54,88,100,8.03,overcast clouds
246,Sheridan,US,44.8333,-106.9173,65.66,27,1,1.01,clear sky
247,Asau,RO,46.4333,26.4,45.95,68,77,3.06,light rain
248,Collie,AU,-33.3667,116.15,41.99,90,7,4.59,clear sky
249,Inhambane,MZ,-23.865,35.3833,73.89,89,52,10.02,broken clouds
250,Hovd,MN,48.0056,91.6419,15.33,34,100,1.57,overcast clouds
251,Lasa,IT,46.6166,10.7002,34.68,51,2,2.57,clear sky
252,Riyadh,SA,24.6877,46.7219,68.14,29,1,6.76,clear sky
253,Karratha,AU,-20.7377,116.8463,76.35,65,11,7.87,few clouds
254,Tura,IN,25.5198,90.2201,61.39,90,5,4.14,clear sky
255,Bathsheba,BB,13.2167,-59.5167,83.01,74,40,13.8,scattered clouds
256,Saldanha,ZA,-33.0117,17.9442,53.65,72,54,16.82,broken clouds
257,Iracoubo,GF,5.4802,-53.2011,79.68,82,100,8.3,moderate rain
258,Lavrentiya,RU,65.5833,-171.0,4.37,77,0,7.29,clear sky
259,Floro,NO,61.5996,5.0328,42.96,81,90,23.02,light rain
260,Gurupa,BR,-1.405,-51.64,81.93,68,99,2.75,overcast clouds
261,Ukrayinka,UA,47.9167,35.35,42.66,90,98,0.0,overcast clouds
262,Fernandina Beach,US,30.6697,-81.4626,49.05,95,90,4.0,overcast clouds
263,Hay River,CA,60.8156,-115.7999,30.18,93,90,4.61,snow
264,Teguise,ES,29.0605,-13.564,64.62,64,20,19.57,few clouds
265,Santa Cruz Del Sur,CU,20.7147,-77.9956,80.8,78,83,6.35,broken clouds
266,Sola,VU,-13.8833,167.55,79.47,83,75,0.0,broken clouds
267,Opunake,NZ,-39.4556,173.8583,66.34,79,60,13.11,broken clouds
268,Shakhtinsk,KZ,49.71,72.5872,16.36,62,100,5.61,overcast clouds
269,Kentau,KZ,43.5206,68.5094,34.83,21,0,9.15,clear sky
270,North Bend,US,43.4065,-124.2243,55.17,86,75,21.85,broken clouds
271,Narrabri,AU,-30.3167,149.7833,75.52,60,94,21.85,overcast clouds
272,Masvingo,ZW,-20.0637,30.8277,77.88,32,13,7.92,few clouds
273,San Cristobal,VE,7.7669,-72.225,80.78,65,38,4.5,scattered clouds
274,Letlhakeng,BW,-24.0944,25.0298,74.55,47,88,9.06,light rain
275,Konya,TR,38.1667,32.5,42.28,46,10,5.61,clear sky
276,Aklavik,CA,68.2191,-135.0107,17.6,93,90,8.05,overcast clouds
277,Tiksi,RU,71.6872,128.8694,-2.09,88,100,14.5,overcast clouds
278,Taybad,IR,34.74,60.7756,36.03,27,100,7.74,overcast clouds
279,Nyurba,RU,63.2842,118.3319,8.65,97,99,4.79,overcast clouds
280,Maymyo,MM,22.0333,96.4667,60.1,94,6,2.35,clear sky
281,Najran,SA,17.4924,44.1277,63.25,25,4,0.87,clear sky
282,Shieli,KZ,44.1667,66.75,33.15,21,0,10.51,clear sky
283,Pushkinskiye Gory,RU,57.0209,28.9103,39.18,78,16,9.71,few clouds
284,Sibolga,ID,1.7427,98.7792,75.11,92,99,1.28,overcast clouds
285,Tarakan,ID,3.3,117.6333,76.5,94,20,4.61,few clouds
286,Grand Gaube,MU,-20.0064,57.6608,74.37,79,66,3.0,broken clouds
287,Sujangarh,IN,27.7011,74.4649,71.53,26,27,5.35,scattered clouds
288,Maragogi,BR,-9.0122,-35.2225,79.14,83,4,11.99,clear sky
289,Vao,NC,-22.6667,167.4833,69.22,60,93,8.08,overcast clouds
290,Tevriz,RU,57.509,72.4042,34.81,71,100,11.81,overcast clouds
291,Waipawa,NZ,-41.4122,175.5153,63.45,97,100,3.24,overcast clouds
292,Khandbari,NP,27.3747,87.2039,56.86,80,61,2.35,broken clouds
293,Magadan,RU,59.5667,150.8,33.53,93,100,24.25,overcast clouds
294,Bijar,IR,35.8668,47.6051,34.5,59,0,3.2,clear sky
295,Masuguru,TZ,-11.3667,38.4167,78.04,69,12,6.08,few clouds
296,Port Moresby,PG,-9.4431,147.1797,80.02,89,20,4.61,haze
297,Betul,IN,21.9153,77.8961,62.1,51,54,2.59,broken clouds
298,Neiafu,TO,-18.65,-173.9833,83.08,69,75,10.36,broken clouds
299,Los Llanos De Aridane,ES,28.6585,-17.9182,67.75,68,90,8.01,overcast clouds
300,Solnechnyy,RU,50.7214,136.6319,16.83,62,0,0.83,clear sky
301,Buenos Aires,AR,-34.6132,-58.3772,66.78,64,20,19.57,few clouds
302,Machado,BR,-21.6747,-45.9197,71.85,59,78,4.7,broken clouds
303,Mar Del Plata,AR,-38.0023,-57.5575,55.42,80,0,13.0,clear sky
304,Carlsbad,US,33.1581,-117.3506,84.34,76,1,4.0,haze
305,Ada,US,43.4166,-116.1262,56.01,52,75,8.99,broken clouds
306,Gravelbourg,CA,49.8834,-106.5512,55.67,31,100,10.42,overcast clouds
307,Calabar,NG,4.9517,8.322,75.9,94,94,3.09,overcast clouds
308,Turukhansk,RU,65.8167,87.9833,28.22,96,100,22.75,snow
309,Vestmannaeyjar,IS,63.4427,-20.2734,39.09,80,99,25.32,overcast clouds
310,Korla,CN,41.7597,86.1469,24.37,44,0,4.85,clear sky
311,Dhulian,IN,24.6833,87.9667,67.01,63,4,2.57,clear sky
312,Tautira,PF,-17.7333,-149.15,82.42,77,78,8.3,light rain
313,Rodrigues Alves,BR,-7.738,-72.6509,77.2,67,97,3.11,overcast clouds
314,Haines Junction,CA,60.7522,-137.5108,24.75,100,100,0.0,overcast clouds
315,Palmer,US,42.1584,-72.3287,49.86,50,0,2.68,clear sky
316,Joensuu,FI,62.6012,29.7632,36.27,96,90,6.91,overcast clouds
317,Cumaral,CO,4.2708,-73.4867,77.88,85,100,1.77,overcast clouds
318,Nadym,RU,65.5333,72.5167,34.47,98,100,19.44,overcast clouds
319,Roblin,CA,51.23,-101.3565,51.55,36,64,9.66,broken clouds
320,Solwezi,ZM,-12.1688,26.3894,65.79,34,55,2.89,broken clouds
321,Petushki,RU,55.9264,39.461,43.03,79,100,13.06,moderate rain
322,Rovaniemi,FI,66.5,25.7167,29.61,100,90,10.36,light snow
323,Galveston,US,29.3669,-94.9669,71.22,56,1,3.0,clear sky
324,Kaeo,NZ,-35.1,173.7833,72.32,69,5,4.12,clear sky
325,Nanfeng,CN,23.7434,111.7959,72.99,88,33,0.85,scattered clouds
326,Turayf,SA,31.6725,38.6637,59.25,47,0,9.22,clear sky
327,Jumla,NP,29.2747,82.1838,41.36,40,81,4.76,broken clouds
328,Basco,PH,20.4487,121.9702,81.82,80,13,9.06,few clouds
329,Angoche,MZ,-16.2325,39.9086,73.54,91,7,5.77,clear sky
330,Sunrise Manor,US,36.2111,-115.0731,87.24,16,1,10.36,clear sky
331,Karpogory,RU,64.0019,44.4451,35.98,97,100,6.96,overcast clouds
332,Kudahuvadhoo,MV,2.6708,72.8944,81.81,77,97,14.76,overcast clouds
333,Broome,US,42.2506,-75.833,48.78,36,1,6.91,clear sky
334,Tucupita,VE,9.0622,-62.051,76.1,95,100,4.07,overcast clouds
335,Cayenne,GF,4.9333,-52.3333,82.44,85,75,5.99,light rain
336,Spearfish,US,44.4908,-103.8594,70.68,21,1,5.99,clear sky
337,Araouane,ML,18.9048,-3.5265,81.0,19,29,8.86,scattered clouds
338,Mitsamiouli,KM,-11.3847,43.2844,79.23,80,87,7.54,overcast clouds
339,Tevaitoa,PF,-16.7833,-151.5,80.22,69,99,5.95,overcast clouds
340,Cherepovets,RU,59.1333,37.9,36.75,87,48,7.11,scattered clouds
341,San Carlos De Bariloche,AR,-41.1456,-71.3082,69.55,21,40,21.85,scattered clouds
342,Karasjok,NO,69.4719,25.5112,26.71,88,76,6.71,broken clouds
343,Rudnyy,KZ,52.9594,63.1206,26.83,28,94,17.85,overcast clouds
344,Fort Nelson,CA,58.8053,-122.7002,31.59,93,90,4.61,light snow
345,Puerto Madryn,AR,-42.7692,-65.0385,69.66,29,29,30.38,scattered clouds
346,Tarabuco,BO,-19.1667,-64.9167,51.31,72,92,6.76,overcast clouds
347,Muisne,EC,0.6,-80.0333,84.31,81,90,9.46,overcast clouds
348,Arlit,NE,18.7369,7.3853,82.8,13,0,9.37,clear sky
349,Labateca,CO,7.2985,-72.4944,74.62,82,68,3.51,broken clouds
350,Carrigaline,IE,51.8117,-8.3986,51.01,81,20,13.8,few clouds
351,Ust-Kuyga,RU,70.0167,135.6,-11.92,100,98,4.99,overcast clouds
352,Ayan,RU,56.45,138.1667,17.1,59,45,17.98,scattered clouds
353,Tamandare,BR,-8.7597,-35.1047,79.3,84,5,11.63,clear sky
354,Saint-Denis,FR,48.9167,2.3333,47.1,85,0,1.01,clear sky
355,San Jose,US,37.3394,-121.895,68.43,62,75,3.0,broken clouds
356,Kununurra,AU,-15.7667,128.7333,75.18,100,68,8.05,heavy intensity rain
357,Ibiapina,BR,-3.9233,-40.8894,75.69,61,89,9.57,overcast clouds
358,Kloulklubed,PW,7.0419,134.2556,77.5,72,83,11.41,broken clouds
359,Rawson,AR,-43.3002,-65.1023,72.48,24,4,33.55,clear sky
360,Port Hardy,CA,50.6996,-127.4199,42.8,93,75,4.61,broken clouds
361,Rorvik,NO,64.8621,11.2373,43.05,68,61,11.23,broken clouds
362,Bose,IT,45.4612,8.0137,44.29,62,1,2.35,clear sky
363,Fuerte Olimpo,PY,-21.0415,-57.8738,65.77,76,100,6.55,overcast clouds
364,Presidencia Roque Saenz Pena,AR,-26.7852,-60.4388,61.36,89,100,6.31,overcast clouds
365,Kruisfontein,ZA,-34.0033,24.7314,59.88,79,100,6.11,overcast clouds
366,Bure,ET,10.7,37.0667,55.51,88,73,4.83,light rain
367,Praya,CV,14.9215,-23.5087,77.54,83,20,14.97,few clouds
368,Kamaishi,JP,39.2667,141.8833,51.39,83,5,5.14,clear sky
369,Abha,SA,18.2164,42.5053,57.45,88,0,6.91,clear sky
370,Deputatskiy,RU,69.3,139.9,-2.16,88,100,8.84,overcast clouds
371,Santiago De Compostela,ES,42.8805,-8.5457,51.15,84,0,4.61,clear sky
372,Port Keats,AU,-14.25,129.55,83.55,76,98,3.31,overcast clouds
373,Guantanamo,CU,20.1444,-75.2092,84.27,76,90,4.72,overcast clouds
374,Catamarca,AR,-28.4696,-65.7852,75.78,54,2,5.01,clear sky
375,Zemio,CF,5.0314,25.1361,69.71,92,74,2.15,broken clouds
376,Kongwa,TZ,-6.2,36.4167,70.3,55,75,4.54,broken clouds
377,Lima,PE,-12.0432,-77.0282,66.13,72,75,11.5,broken clouds
378,Changping,CN,40.2186,116.2197,26.24,85,100,10.96,snow
379,Pasni,PK,25.2631,63.471,76.41,61,0,4.61,clear sky
380,Ponta Delgada,PT,37.7333,-25.6667,70.5,83,20,20.71,few clouds
381,Nahan,IN,30.55,77.3,58.39,44,27,4.56,scattered clouds
382,Uray,RU,60.1247,64.7758,33.84,97,100,13.87,light rain
383,Manyana,BW,-23.4,21.7167,81.14,27,89,12.39,overcast clouds
384,Shitanjing,CN,39.2342,106.3439,12.27,53,22,18.05,few clouds
385,San Ramon,US,37.7799,-121.978,65.66,67,20,3.0,few clouds
386,Katherine,AU,-14.4667,132.2667,75.52,88,90,4.61,light rain
387,Zheleznodorozhnyy,RU,55.7503,38.0042,46.62,88,100,13.91,light rain
388,Balaipungut,ID,1.05,101.2833,75.61,96,100,2.89,overcast clouds
389,Tuatapere,NZ,-46.1333,167.6833,62.15,54,98,0.87,overcast clouds
390,Blytheville,US,35.9273,-89.919,63.05,41,1,3.44,clear sky
391,Ikot Ekpene,NG,5.1794,7.7108,74.5,95,100,4.56,overcast clouds
392,Dakoro,NE,14.5106,6.765,82.74,12,72,9.75,broken clouds
393,Vadlapudi,IN,14.3167,79.8,73.02,97,100,11.52,moderate rain
394,Fuyang,CN,32.9,115.8167,46.15,86,100,25.88,moderate rain
395,Catuday,PH,16.2923,119.8062,80.92,78,98,9.19,overcast clouds
396,Flinders,AU,-34.5833,150.8552,67.21,71,77,2.46,light rain
397,Trairi,BR,-3.2778,-39.2689,80.33,79,59,10.58,broken clouds
398,Kukmor,RU,56.1855,50.8944,42.1,89,100,17.38,overcast clouds
399,Saint George,US,37.1041,-113.5841,80.64,25,1,1.99,clear sky
400,Sibu,MY,2.3,111.8167,75.51,100,40,3.0,light rain
401,Khudumelapye,BW,-23.8833,24.75,76.41,44,99,9.24,light rain
402,Sarishabari,BD,24.7333,89.8333,70.21,77,5,7.92,clear sky
403,Sinnamary,GF,5.3833,-52.95,79.23,85,100,7.38,moderate rain
404,Puerto Escondido,MX,15.85,-97.0667,83.89,67,42,5.12,scattered clouds
405,Margate,GB,51.3813,1.3862,55.11,80,98,1.99,overcast clouds
406,Tchollire,CM,8.4022,14.1698,78.26,63,28,2.95,scattered clouds
407,Kavaratti,IN,10.5669,72.642,81.66,73,4,13.09,clear sky
408,Masaki,JP,33.7876,132.7112,55.31,79,20,2.3,few clouds
409,Moose Factory,CA,51.2585,-80.6094,48.2,71,1,10.36,clear sky
410,Aksarka,RU,66.5606,67.7975,34.18,98,100,16.4,overcast clouds
411,Orlik,RU,52.5178,99.825,7.9,88,100,2.77,overcast clouds
412,Meadow Lake,US,34.8014,-106.5436,76.57,16,2,4.61,clear sky
413,Nuuk,GL,64.1835,-51.7216,30.81,69,75,5.75,broken clouds
414,Tabuk,PH,17.4189,121.4443,73.17,94,76,3.09,broken clouds
415,Tucurui,BR,-3.7661,-49.6725,78.53,85,98,3.04,overcast clouds
416,Kavieng,PG,-2.5744,150.7967,84.25,73,66,16.71,moderate rain
417,Okakarara,NA,-20.5833,17.4333,78.55,18,100,10.92,overcast clouds
418,Moroni,KM,-11.7022,43.2551,78.46,81,100,2.95,overcast clouds
419,Lasem,ID,-6.6922,111.4527,79.95,82,95,0.34,overcast clouds
420,Smithers,CA,54.7804,-127.1743,35.92,75,40,3.44,scattered clouds
421,Lorengau,PG,-2.0226,147.2712,83.52,76,42,9.73,scattered clouds
422,Baruun-Urt,MN,46.6806,113.2792,9.54,47,64,9.53,broken clouds
423,Talcahuano,CL,-36.7167,-73.1167,58.68,72,75,8.05,broken clouds
424,Berbera,SO,10.4396,45.0143,80.51,63,36,4.65,scattered clouds
425,Kendari,ID,-3.945,122.4989,75.7,93,97,3.13,overcast clouds
426,Herat,AF,34.5,62.0,37.31,32,100,9.4,light rain
427,Juneau,US,58.3019,-134.4197,46.22,93,75,4.61,light rain
428,Green River,US,41.5286,-109.4662,63.16,22,81,7.9,broken clouds
429,Gemena,CD,3.25,19.7667,70.9,98,100,2.24,overcast clouds
430,Batalha,BR,-9.6778,-37.1247,79.92,72,67,8.28,heavy intensity rain
431,Mandalgovi,MN,45.7625,106.2708,9.93,64,0,7.92,clear sky
432,Baykit,RU,61.67,96.37,15.87,98,100,3.87,overcast clouds
433,Katsuura,JP,35.1333,140.3,59.11,83,100,7.81,moderate rain
434,Ous,RU,60.9058,61.5186,35.96,85,100,11.18,overcast clouds
435,Nurota,UZ,40.5614,65.6886,30.29,43,0,2.93,clear sky
436,Ostrovnoy,RU,68.0531,39.5131,34.77,99,100,20.29,light rain
437,Kirakira,SB,-10.4544,161.9205,82.76,76,19,5.73,few clouds
438,Hiriyur,IN,13.9456,76.6192,69.42,87,47,3.2,scattered clouds
439,Maple Creek,CA,49.9168,-109.4848,53.37,29,12,5.75,few clouds
440,Rakitnoye,RU,50.8389,35.8515,41.25,81,31,10.25,scattered clouds
441,Nkowakowa,ZA,-23.8878,30.2871,69.85,75,55,1.99,light rain
442,Disna,BY,55.568,28.1971,42.62,86,91,9.75,overcast clouds
443,Pandan,PH,14.0453,124.1694,80.19,87,100,10.67,overcast clouds
444,Saint-Louis,SN,16.3333,-15.0,91.04,16,5,10.92,clear sky
445,Leningradskiy,RU,69.3833,178.4167,-9.11,89,8,5.26,clear sky
446,Dalbandin,PK,28.8947,64.4101,59.83,28,41,7.81,scattered clouds
447,Rochegda,RU,62.8,43.25,37.92,97,100,6.35,overcast clouds
448,Bontang,ID,0.1333,117.5,78.85,83,98,3.13,overcast clouds
449,Beipiao,CN,41.7919,120.7792,19.38,92,100,17.94,light snow
450,Port Lincoln,AU,-34.7333,135.8667,55.62,61,100,6.89,overcast clouds
451,Sarankhola,BD,22.3082,89.7897,63.32,70,6,4.29,clear sky
452,Kalamnuri,IN,19.6667,77.3333,65.82,66,5,4.85,clear sky
453,Nara,JP,34.6851,135.8049,60.08,71,85,4.74,overcast clouds
454,Santa Ana,US,33.7456,-117.8678,85.48,67,20,1.99,haze
455,Yining,CN,29.0361,114.5636,59.29,92,79,11.03,broken clouds
456,Fortuna,US,40.5982,-124.1573,59.99,70,1,1.99,clear sky
457,Faya,SA,18.3851,42.4509,57.72,54,0,2.44,clear sky
458,Qui Nhon,VN,13.7667,109.2333,74.48,90,82,6.44,broken clouds
459,Chumikan,RU,54.7183,135.315,18.36,53,1,24.47,clear sky
460,Korem,ET,12.5058,39.5228,52.61,50,11,2.37,few clouds
461,Sokolka,PL,53.4072,23.5023,44.65,82,100,13.96,overcast clouds
462,Ketchikan,US,55.3422,-131.6461,43.27,87,90,3.44,light rain
463,Marawi,PH,7.9986,124.2928,67.64,93,83,1.92,broken clouds
464,Argayash,RU,55.4888,60.8767,40.69,42,99,13.13,overcast clouds
465,Lodja,CD,-3.4833,23.4333,68.05,99,100,1.97,moderate rain
466,Zonguldak,TR,41.25,31.8333,54.3,62,100,1.45,overcast clouds
467,Dunmore Town,BS,25.5,-76.65,78.4,84,100,21.77,light rain
468,Virginia Beach,US,36.8529,-75.978,60.85,73,90,19.57,overcast clouds
469,Terney,RU,45.0503,136.6092,32.83,43,100,9.26,overcast clouds
470,Umm Kaddadah,SD,13.6017,26.6876,81.97,23,4,13.51,clear sky
471,Minna,NG,9.6139,6.5569,78.26,50,43,2.62,scattered clouds
472,Ejea De Los Caballeros,ES,42.1263,-1.1372,46.62,69,0,16.55,clear sky
473,Sisimiut,GL,66.9395,-53.6735,20.23,74,22,11.63,few clouds
474,Kilindoni,TZ,-7.9139,39.6668,79.86,77,80,11.48,broken clouds
475,Beihai,CN,21.4833,109.1,76.42,88,7,8.21,clear sky
476,Salamiyah,SY,35.0113,37.0532,64.67,40,0,3.6,clear sky
477,Hanmer Springs,NZ,-42.5167,172.8167,69.22,50,1,2.82,clear sky
478,Garbolovo,RU,60.3413,30.4955,40.17,88,50,8.19,scattered clouds
479,Kisangani,CD,0.5167,25.2,71.47,94,99,1.83,light rain
480,Cairns,AU,-16.9167,145.7667,82.35,72,82,6.91,broken clouds
481,Cotonou,BJ,6.3654,2.4183,80.58,89,20,5.75,few clouds
482,Pitimbu,BR,-7.4706,-34.8086,81.19,82,9,13.67,clear sky
483,Uchaly,RU,54.2996,59.4521,35.33,25,100,21.18,overcast clouds
484,Byron Bay,AU,-28.65,153.6167,76.05,70,95,6.6,overcast clouds
485,Utica,US,43.1009,-75.2327,51.91,69,2,4.45,clear sky
486,Mattru,SL,7.6244,-11.8332,74.86,95,89,0.85,overcast clouds
487,Los Chiles,CR,11.0333,-84.7167,78.21,93,100,4.81,overcast clouds
488,At-Bashi,KG,41.1702,75.8106,13.77,65,0,5.01,clear sky
489,Changji,CN,44.0167,87.3167,18.39,73,0,4.47,clear sky
490,Dargaville,NZ,-35.9333,173.8833,68.63,64,3,2.62,clear sky
491,Paithan,IN,19.4833,75.3833,67.87,64,10,7.72,clear sky
492,Ongandjera,NA,-17.8833,15.0667,79.05,44,96,13.47,light rain
493,Navoi,UZ,40.0844,65.3792,31.48,59,0,4.61,smoke
494,Mongu,ZM,-15.2484,23.1274,80.91,26,63,1.16,broken clouds
495,Ola,RU,59.5833,151.2833,34.14,91,100,25.5,overcast clouds
496,Olenegorsk,RU,68.15,33.3,29.57,90,100,15.59,light snow
497,Pointe-Noire,CG,-4.7761,11.8635,77.27,87,100,3.13,overcast clouds
498,Kazerun,IR,29.6195,51.6541,61.68,63,0,1.34,clear sky
499,Mao,ES,39.8885,4.2658,57.76,77,75,33.38,broken clouds
500,Kawambwa,ZM,-9.7915,29.0791,70.54,43,94,4.54,overcast clouds
501,Serik,TR,36.9169,31.0989,59.25,37,4,7.36,clear sky
502,Kangaatsiaq,GL,68.3065,-53.4641,29.28,70,100,7.72,overcast clouds
503,Acapulco,MX,16.8634,-99.8901,84.0,72,91,5.84,overcast clouds
504,Thunder Bay,CA,48.4001,-89.3168,56.98,68,75,4.61,broken clouds
505,Hanyang,CN,32.1371,105.5126,36.86,37,100,26.08,light rain
506,Devils Lake,US,48.1128,-98.8651,60.91,43,1,3.0,clear sky
507,Alofi,NU,-19.0595,-169.9187,76.89,88,28,11.5,scattered clouds
508,Khandyga,RU,62.6667,135.6,-13.81,100,96,2.01,overcast clouds
509,Maumere,ID,-8.6199,122.2111,81.23,79,100,2.01,overcast clouds
510,Apsheronsk,RU,44.46,39.73,52.39,88,83,2.95,broken clouds
511,Hobyo,SO,5.3505,48.5268,79.95,69,64,7.23,broken clouds
512,Oleksandrivka,UA,48.9634,32.2349,42.4,74,0,7.11,clear sky
513,Esso,RU,55.9333,158.7,9.27,99,76,4.09,broken clouds
514,Lianyuan,CN,27.6883,111.6642,58.53,87,100,9.66,overcast clouds
515,Hualmay,PE,-11.0964,-77.6139,67.95,76,34,11.18,scattered clouds
516,Anchorage,US,61.2181,-149.9003,33.94,91,90,1.01,light snow
517,Mattoon,US,39.4831,-88.3728,57.42,35,1,6.91,clear sky
518,Saint-Joseph,RE,-21.3667,55.6167,71.2,83,19,9.48,few clouds
519,Altay,CN,47.8667,88.1167,12.52,58,73,6.44,broken clouds
520,Namibe,AO,-15.1961,12.1522,70.36,81,86,5.23,overcast clouds
521,Maniitsoq,GL,65.4167,-52.9,26.6,69,97,11.92,overcast clouds
522,Moyale,KE,3.5167,39.0584,72.01,65,95,6.35,overcast clouds
523,Contai,IN,21.7786,87.7536,66.22,67,5,6.29,clear sky
524,Kayan,MM,16.9056,96.5631,78.94,92,31,5.03,scattered clouds
525,Rudnogorsk,RU,57.2639,103.7519,21.24,94,100,7.76,overcast clouds
526,Taksimo,RU,56.3444,114.8794,8.8,88,100,0.4,overcast clouds
527,Shenjiamen,CN,29.9576,122.298,68.0,85,100,13.53,overcast clouds
528,Chihuahua,MX,28.5,-106.0,72.28,19,0,5.28,clear sky
529,Castletown,IE,53.0281,-9.0686,48.69,68,100,15.52,overcast clouds
530,Miles City,US,46.4083,-105.8406,65.37,25,1,10.36,clear sky
531,Ugoofaaru,MV,5.6667,73.0,81.25,79,91,15.84,overcast clouds
532,Sterling,US,39.0062,-77.4286,54.59,55,75,8.01,broken clouds
533,Cabedelo,BR,-6.9811,-34.8339,81.27,81,2,13.73,clear sky
534,Vrangel,RU,42.7297,133.0839,42.08,70,95,8.72,overcast clouds
535,Vilhena,BR,-12.7406,-60.1458,77.22,83,75,9.22,broken clouds
536,Wangkui,CN,46.8333,126.5,19.49,38,100,3.87,overcast clouds
537,Santo Antonio Do Sudoeste,BR,-26.0736,-53.7253,69.78,94,86,6.93,overcast clouds
538,Palembang,ID,-2.9167,104.7458,74.5,96,100,1.7,light rain
539,Japura,ID,-0.3167,102.35,73.78,96,100,1.97,overcast clouds
540,Grevesmuhlen,DE,53.8667,11.1833,50.11,88,100,21.85,overcast clouds
541,Dunedin,NZ,-45.8742,170.5036,52.81,83,19,5.99,few clouds
542,Apatity,RU,67.5641,33.4031,30.52,90,100,9.06,light snow
543,Caravelas,BR,-17.7125,-39.2481,73.54,77,89,6.2,overcast clouds
544,Tecoanapa,MX,16.5167,-98.75,83.44,69,82,6.13,broken clouds
545,Diego De Almagro,CL,-26.3667,-70.05,73.47,18,0,9.06,clear sky
546,Waingapu,ID,-9.6567,120.2641,81.34,82,94,2.77,overcast clouds
547,Bilma,NE,18.6853,12.9164,78.42,15,39,4.59,scattered clouds
548,Marquard,ZA,-28.6645,27.4305,63.28,46,96,4.36,overcast clouds
549,Tucuman,AR,-26.8241,-65.2226,68.0,52,90,5.75,overcast clouds
550,Cap Malheureux,MU,-19.9842,57.6142,74.46,79,53,1.99,broken clouds
551,Asyut,EG,27.181,31.1837,69.98,46,0,3.62,clear sky
552,Vikhorevka,RU,56.1201,101.1636,26.19,88,100,10.58,overcast clouds
553,Yumen,CN,40.2833,97.2,9.39,46,0,3.71,clear sky
554,Wallacetown,NZ,-46.3333,168.2667,62.2,63,86,2.21,overcast clouds
555,Kailua,US,21.4022,-157.7394,85.98,72,75,13.8,broken clouds
556,Koslan,RU,63.4564,48.8989,36.52,98,100,6.82,overcast clouds
557,Ascoli Piceno,IT,42.8548,13.5749,56.93,93,100,1.59,light rain
558,Coahuayana,MX,18.7333,-103.6833,86.04,66,100,5.86,overcast clouds
559,La Asuncion,VE,11.0333,-63.8628,79.93,84,72,15.73,broken clouds
560,Yatou,CN,37.15,122.3833,56.39,74,50,7.11,scattered clouds
561,Belmonte,BR,-15.8631,-38.8828,77.5,87,100,8.66,overcast clouds
562,Abu Dhabi,AE,24.4667,54.3667,78.91,53,0,2.3,clear sky
563,Griffith,US,41.5284,-87.4237,60.04,51,1,5.01,clear sky
564,Souillac,MU,-20.5167,57.5167,74.35,94,40,4.61,scattered clouds
565,Fremont,US,37.5483,-121.9886,67.84,66,20,3.0,few clouds
566,Laela,TZ,-8.5667,32.05,70.48,36,100,3.53,overcast clouds
567,Sakaiminato,JP,35.55,133.2333,48.18,100,40,6.91,scattered clouds
568,Monitos,CO,8.25,-76.05,81.59,86,82,6.24,broken clouds
569,Bonavista,CA,48.6499,-53.1147,42.12,65,10,17.18,clear sky
570,Marquette,US,46.5333,-87.6335,59.77,58,89,8.63,overcast clouds
571,Moctezuma,MX,29.8,-109.6667,88.77,15,0,5.53,clear sky
572,Sol-Iletsk,RU,51.1631,54.9918,33.55,30,100,15.39,overcast clouds
573,Kishtwar,IN,33.3167,75.7667,43.27,50,0,5.59,clear sky
574,Aquiraz,BR,-3.9014,-38.3911,82.49,79,70,10.94,broken clouds
575,Celendin,PE,-6.8703,-78.1517,61.32,68,87,4.47,light rain
576,Saint Anthony,US,45.0205,-93.218,68.32,37,1,3.0,clear sky
577,Krasnoselkup,RU,65.7,82.4667,32.32,98,100,22.03,light snow
578,Ciamis,ID,-7.3257,108.3534,73.81,96,100,1.1,overcast clouds
579,Simao,CN,22.7886,100.9748,56.52,97,84,1.54,broken clouds
580,Sayyan,YE,15.1718,44.3244,52.38,28,50,3.44,scattered clouds
581,Havelock,US,34.8791,-76.9013,60.8,92,90,4.0,overcast clouds
582,Barahona,DO,18.2085,-71.1008,87.62,70,20,11.5,few clouds
583,Ailigandi,PA,9.2333,-78.0167,82.08,79,60,4.32,broken clouds
584,Palasa,IN,18.7667,84.4167,69.94,77,44,4.85,scattered clouds
585,Rognan,NO,67.0953,15.3878,39.34,94,96,6.62,overcast clouds
586,Pringsewu,ID,-5.3582,104.9744,73.71,94,100,1.41,overcast clouds
587,Abu Kamal,SY,34.4506,40.9171,67.01,39,0,2.68,clear sky
588,Vila Velha,BR,-20.3297,-40.2925,75.15,79,90,8.01,overcast clouds
589,Riachao Das Neves,BR,-11.7461,-44.91,73.65,84,68,1.28,moderate rain
590,Tupik,RU,54.4253,119.9327,14.0,50,98,1.77,overcast clouds
591,Dzilam Gonzalez,MX,21.2833,-88.9333,78.85,57,5,7.76,clear sky
592,Rio Branco,BR,-9.9747,-67.81,90.21,58,40,5.75,scattered clouds
593,Birnin Kebbi,NG,12.4539,4.1975,81.95,17,50,7.34,scattered clouds
594,Steinbach,DE,50.1667,8.5667,46.0,95,75,1.01,broken clouds
595,Pisco,PE,-13.7,-76.2167,69.85,68,0,20.71,clear sky
596,Honiara,SB,-9.4333,159.95,84.2,71,1,5.88,clear sky
597,Yinchuan,CN,38.4681,106.2731,21.87,33,0,5.06,clear sky
598,Warri,NG,5.5167,5.75,76.41,92,100,4.76,overcast clouds
599,Spassk,RU,52.747,87.7545,18.36,89,97,0.76,overcast clouds
600,Ngunguru,NZ,-35.6167,174.5,72.16,77,35,5.97,scattered clouds
601,Izberbash,RU,42.5696,47.8645,46.45,72,0,15.99,clear sky
602,Silay,PH,10.798,122.9757,79.43,86,100,8.25,overcast clouds
603,Shingu,JP,33.7333,135.9833,60.48,83,98,15.95,overcast clouds
604,Shubarshi,KZ,48.5872,57.1869,29.39,22,18,9.04,few clouds
605,Black River,JM,18.0264,-77.8487,80.6,80,99,8.77,overcast clouds
606,Iquique,CL,-20.2208,-70.1431,66.24,72,16,7.72,few clouds
607,Alexandria,EG,31.2156,29.9553,71.56,73,0,6.91,clear sky
608,Xining,CN,36.6167,101.7667,10.56,87,88,2.91,overcast clouds
609,Luganville,VU,-15.5333,167.1667,80.62,79,95,5.86,overcast clouds
610,Okhotsk,RU,59.3833,143.3,14.4,94,100,23.24,snow
611,Alagoa Grande,BR,-7.1583,-35.63,75.97,78,32,10.56,scattered clouds
612,Little Current,CA,45.9793,-81.9248,50.09,66,99,17.29,overcast clouds
613,Surt,LY,31.2089,16.5887,75.45,36,98,15.55,overcast clouds
614,Yushala,RU,57.0761,64.2601,40.75,51,100,14.2,overcast clouds
615,Pangai,TO,-19.8,-174.35,82.51,69,40,11.5,scattered clouds
616,Ilo,PE,-17.6394,-71.3375,67.06,73,0,11.5,clear sky
617,Geraldton,AU,-28.7667,114.6,54.01,87,2,6.91,clear sky
618,Dauphin,CA,51.1494,-100.0502,55.54,38,75,11.5,broken clouds
619,Rangapara,IN,26.8167,92.65,61.41,83,74,3.98,broken clouds
620,Ostersund,SE,63.1792,14.6357,32.45,93,7,8.05,clear sky
621,El Tigre,VE,8.8875,-64.2454,82.9,56,100,11.48,overcast clouds
622,Vangaindrano,MG,-23.35,47.6,70.25,76,100,0.6,overcast clouds
623,Martyush,RU,56.4,61.8819,37.72,39,100,17.83,overcast clouds
624,Bac Lieu,VN,9.285,105.7244,78.51,88,87,7.36,overcast clouds
625,Austin,US,30.2672,-97.7431,71.83,52,1,1.99,clear sky
626,Nagua,DO,19.3832,-69.8474,86.45,70,40,6.91,scattered clouds
627,Pipar,IN,26.3856,73.5378,68.92,31,36,2.95,scattered clouds
628,Quesnel,CA,52.9999,-122.5029,43.3,65,20,6.91,few clouds
629,Santa Isabel,BR,-23.3156,-46.2214,76.3,84,41,4.63,scattered clouds
630,Kikwit,CD,-5.041,18.8162,69.98,96,100,0.92,overcast clouds
631,Motygino,RU,58.1831,94.7592,22.21,93,100,10.09,light snow
632,Kandrian,PG,-6.2167,149.55,82.56,70,16,3.58,few clouds
633,Oktyabrskoye,RU,43.0645,44.7417,42.94,100,16,2.24,fog
634,Batemans Bay,AU,-35.7167,150.1833,64.9,59,65,3.15,light rain
635,Varnavino,RU,57.4035,45.0916,40.69,83,59,11.12,broken clouds
636,Pemberton,CA,50.3164,-122.8027,44.29,86,98,0.47,overcast clouds
637,Gazanjyk,TM,39.2446,55.5154,40.59,31,92,9.42,overcast clouds
638,Agadez,NE,19.75,10.25,75.24,14,0,3.11,clear sky
639,Vernon,CA,50.2581,-119.2691,47.14,82,97,2.3,overcast clouds
640,Quatre Cocos,MU,-20.2078,57.7625,74.08,76,91,10.98,overcast clouds
641,Carmelo,UY,-33.9892,-58.2856,65.19,62,34,17.05,scattered clouds
642,Matamoros,MX,25.5333,-103.25,78.69,19,0,8.46,clear sky
643,Saquarema,BR,-22.92,-42.5103,73.44,78,69,3.6,broken clouds
644,Half Moon Bay,US,37.4636,-122.4286,67.77,73,40,1.01,scattered clouds
645,Pangody,RU,65.85,74.4859,33.42,98,100,18.79,overcast clouds
646,Pingyin,CN,36.2831,116.4453,33.98,96,100,25.99,snow
647,Kunigal,IN,13.0222,77.0267,65.97,92,61,0.96,broken clouds
648,Spasskoye,RU,44.6108,132.7969,26.49,41,99,7.29,light snow
649,Cortez,US,37.3489,-108.5859,69.67,21,1,12.66,clear sky
650,Shelburne,CA,44.0787,-80.2041,46.89,66,91,10.07,overcast clouds
651,Nchelenge,ZM,-9.3451,28.734,75.74,48,86,2.98,overcast clouds
652,Hambantota,LK,6.1241,81.1185,75.54,100,20,0.0,few clouds
653,Ishigaki,JP,24.3448,124.1572,73.53,88,20,5.75,few clouds
654,Chagoda,RU,59.164,35.3285,34.74,97,73,5.32,broken clouds
655,Matay,EG,28.419,30.7792,71.8,58,0,12.39,clear sky
656,Karasburg,NA,-28.0167,18.75,66.31,22,58,9.01,broken clouds
657,Dwarka,IN,22.2394,68.9678,78.22,49,28,11.27,scattered clouds
658,Aksu,CN,41.1231,80.2644,27.72,31,7,4.45,clear sky
659,Aripuana,BR,-9.1667,-60.6333,72.66,97,100,2.3,light rain
660,Pingyi,CN,35.5006,117.6308,58.33,92,99,8.97,moderate rain
661,Omboue,GA,-1.5746,9.2618,77.32,89,100,5.7,overcast clouds
662,Vostok,RU,46.4856,135.8833,13.03,91,100,1.92,overcast clouds
663,Mora,CM,11.0461,14.1401,81.3,30,13,3.31,few clouds
664,Outlook,CA,51.5001,-107.0513,51.49,47,1,10.69,clear sky
665,Rongcheng,CN,30.634,117.8517,62.11,96,92,1.97,light rain
666,Eenhana,NA,-17.4667,16.3333,72.7,60,100,9.08,light rain
667,Porbandar,IN,21.6422,69.6093,77.54,36,93,9.71,overcast clouds
668,Campohermoso,ES,36.9357,-2.1337,53.11,50,8,6.4,clear sky
669,Port Blair,IN,11.6667,92.75,80.4,81,100,7.25,overcast clouds
670,Kabompo,ZM,-13.5927,24.2008,69.57,33,26,2.59,scattered clouds
671,Champerico,GT,14.3,-91.9167,83.35,72,25,7.36,scattered clouds
672,Eina,NO,60.6295,10.5993,33.15,86,100,2.24,light snow
673,Tulum,MX,20.2167,-87.4667,83.93,63,71,7.52,broken clouds
674,Kommunar,RU,59.6206,30.39,40.51,84,78,9.93,broken clouds
675,Navirai,BR,-23.065,-54.1906,73.72,89,26,6.31,scattered clouds
676,Mishan,CN,45.55,131.8833,24.44,38,100,3.22,overcast clouds
677,Burnie,AU,-41.0667,145.9167,55.58,52,0,9.66,clear sky
678,Mineros,BO,-17.1167,-63.2333,76.59,50,100,8.77,overcast clouds
679,Naryan-Mar,RU,67.6713,53.087,32.23,99,100,7.02,light snow
680,Bakchar,RU,57.0186,82.0711,32.0,95,100,14.23,overcast clouds
